NAME,T,GENE,t0,t1
YAL040C,0,CLN3,-0.05,-0.15
YEL032W,0,MCM3,-0.16,0.35
YBR083W,0,TEC1,-0.93,-0.93
YLR286C,0,CTS1,-0.06,0.91
YER001W,0,MNN1,-1.05,0.22
YNR044W,0,AGA1,0.1,0.66
YLR274W,0,CDC46,-0.18,0.14
YER070W,0,RNR1,,0.88
YLR210W,0,CLB4,-0.43,-0.4
YER095W,0,RAD51,-0.87,0.18
YLR182W,0,SWI6,-0.73,-0.42
YER111C,0,SWI4,-0.21,0.19
YBR010W,0,HHT1,-0.67,-0.41
YOR074C,0,CDC21,-0.49,0.51
YLR131C,0,ACE2,-0.92,-1.31
YDL056W,0,MBP1,-0.16,-0.3
YLR103C,0,CDC45,-0.74,0.32
YGL021W,0,ALK1,-1.28,-1.02
YLR079W,0,SIC1,-0.3,-0.56
YGL032C,0,AGA2,1.21,1.04
YBR009C,0,HHF1,-0.66,-0.1
YKL209C,0,STE6,0.54,0.17
YGL038C,0,OCH1,-0.33,0.2
YPL116W,0,HOS3,-0.29,-0.6
YLR300W,0,EXG1,-0.87,-0.66
YDR507C,0,GIN4,-1.11,-0.29
YLR353W,0,BUD8,-1.12,-0.94
YDR461W,0,MFA1,1.47,1.3
YNL172W,0,APC1,-0.49,-0.58
YDL101C,0,DUN1,-0.72,-0.26
YDL055C,0,PSA1,-0.88,-0.14
YNL192W,0,CHS1,-0.47,-0.76
YNL145W,0,MFA2,0.22,0.41
YDL127W,0,PCL2,,0.86
YNL068C,0,FKH2,-0.31,-0.19
YDL179W,0,PCL9,-0.69,-0.96
YMR307W,0,GAS1,,
YOL012C,0,HTA3,-1.37,-1.15
YDL227C,0,HO,,-0.99
YKL185W,0,ASH1,-0.29,-0.86
YDL003W,0,MCD1,,0.23
YNL289W,0,PCL1,,0.83
YMR078C,0,CTF18,-0.52,0.28
YDR146C,0,SWI5,-1.82,-1.35
YMR076C,0,PDS5,-1.08,-0.16
YDR224C,0,HTB1,-1.04,-0.38
YMR043W,0,MCM1,-0.34,0.09
YDR225W,0,HTA1,-0.99,-0.71
YBR133C,0,HSL7,-0.25,-1.57
YML064C,0,TEM1,-0.23,-0.19
YNL327W,0,EGT2,-0.49,-0.15
YPR119W,0,CLB2,-1.35,-0.57
YMR199W,0,CLN1,,0.21
YGL116W,0,CDC20,-1.08,-1.04
YFL026W,0,STE2,0.9,0.9
YJL157C,0,FAR1,-1.18,-1.02
YIL050W,0,PCL7,-0.79,-1.04
YJR092W,0,BUD4,-1.89,-0.92
YGR041W,0,BUD9,-0.29,-0.06
YBL002W,0,HTB2,-2.01,-1.25
YPL256C,0,CLN2,,0.85
YGR152C,0,RSR1,-0.45,0.3
YJL187C,0,SWE1,-1.04,-0.28
YJL194W,0,CDC6,-0.89,0.77
YHL028W,0,WSC4,-3.12,-4.12
YGR092W,0,DBF2,-0.89,-0.67
YIL123W,0,SIM1,-1.29,-0.8
YGR099W,0,TEL2,-0.68,-0.4
YBL003C,0,HTA2,-0.82,-1.21
YPR120C,0,CLB5,-0.33,0.16
YPR075C,0,OPY2,-0.92,0.1
YHR061C,0,GIC1,-0.1,-0.72
YIL131C,0,FKH1,-1.41,-1.11
YIL026C,0,IRR1,-0.14,0.22
YKL113C,0,RAD27,-0.98,0.07
YGR143W,0,SKN1,-0.27,-0.47
YPR159W,0,KRE6,-0.29,-0.57
YGR109C,0,CLB6,-0.21,0.72
YGL201C,0,MCM6,-0.48,0.34
YHR152W,0,SPO12,-0.54,-0.47
YPL127C,0,HHO1,-1.55,-1.15
YPR034W,0,ARP7,-0.26,-0.37
YKL096W,0,CWP1,-1.52,-2.35
YGR014W,0,MSB2,-1.0,-0.34
YJL158C,0,CIS3,-0.89,-0.79
YBL023C,0,MCM2,-1.04,0.13
YMR043W,1,MCM1,0.09,0.3
YDR224C,1,HTB1,-0.38,0.49
YDR146C,1,SWI5,-1.35,-0.65
YGR143W,1,SKN1,-0.47,-1.52
YMR076C,1,PDS5,-0.16,1.3
YIL131C,1,FKH1,-1.11,-1.04
YGL116W,1,CDC20,-1.04,-0.83
YGR152C,1,RSR1,0.3,1.12
YDL056W,1,MBP1,-0.3,-0.33
YHR152W,1,SPO12,-0.47,-0.4
YNL145W,1,MFA2,0.41,0.04
YDL101C,1,DUN1,-0.26,0.59
YIL026C,1,IRR1,0.22,1.36
YHR061C,1,GIC1,-0.72,0.03
YNL068C,1,FKH2,-0.19,-0.91
YMR078C,1,CTF18,0.28,0.99
YDL127W,1,PCL2,0.86,1.14
YOL012C,1,HTA3,-1.15,-0.77
YIL050W,1,PCL7,-1.04,-0.49
YDL179W,1,PCL9,-0.96,-1.16
YHL028W,1,WSC4,-4.12,-3.54
YDR225W,1,HTA1,-0.71,0.38
YIL123W,1,SIM1,-0.8,-0.12
YDL227C,1,HO,-0.99,1.71
YMR307W,1,GAS1,,
YMR199W,1,CLN1,0.21,0.57
YJL158C,1,CIS3,-0.79,0.38
YJL157C,1,FAR1,-1.02,-1.74
YER111C,1,SWI4,0.19,0.86
YLR131C,1,ACE2,-1.31,-0.96
YJR092W,1,BUD4,-0.92,-1.05
YFL026W,1,STE2,0.9,-0.22
YLR103C,1,CDC45,0.32,1.62
YGR014W,1,MSB2,-0.34,0.67
YGL021W,1,ALK1,-1.02,-0.76
YLR079W,1,SIC1,-0.56,-0.29
YGL032C,1,AGA2,1.04,0.49
YKL209C,1,STE6,0.17,-0.22
YKL096W,1,CWP1,-2.35,-1.63
YGL201C,1,MCM6,0.34,-0.17
YGL038C,1,OCH1,0.2,0.62
YKL185W,1,ASH1,-0.86,-1.21
YPR159W,1,KRE6,-0.57,0.44
YGR041W,1,BUD9,-0.06,0.65
YJL194W,1,CDC6,0.77,-0.25
YLR182W,1,SWI6,-0.42,0.01
YER095W,1,RAD51,0.18,0.68
YGR109C,1,CLB6,0.72,1.89
YPR120C,1,CLB5,0.16,1.32
YDR461W,1,MFA1,1.3,0.15
YLR353W,1,BUD8,-0.94,-0.97
YPR119W,1,CLB2,-0.57,-0.95
YKL113C,1,RAD27,0.07,1.44
YDR507C,1,GIN4,-0.29,0.93
YML064C,1,TEM1,-0.19,-0.13
YLR300W,1,EXG1,-0.66,0.22
YLR286C,1,CTS1,0.91,-0.37
YER001W,1,MNN1,0.22,0.82
YLR274W,1,CDC46,0.14,-0.04
YJL187C,1,SWE1,-0.28,1.22
YER070W,1,RNR1,0.88,1.6
YLR210W,1,CLB4,-0.4,-0.24
YGR092W,1,DBF2,-0.67,-0.64
YGR099W,1,TEL2,-0.4,0.5
YNL172W,1,APC1,-0.58,-0.49
YEL032W,1,MCM3,0.35,-0.13
YOR074C,1,CDC21,0.51,1.41
YPL127C,1,HHO1,-1.15,0.86
YBR009C,1,HHF1,-0.1,0.58
YNL192W,1,CHS1,-0.76,-0.14
YBR133C,1,HSL7,-1.57,-0.58
YPL116W,1,HOS3,-0.6,-0.09
YBR010W,1,HHT1,-0.41,0.33
YBL002W,1,HTB2,-1.25,0.37
YDL055C,1,PSA1,-0.14,0.57
YPL256C,1,CLN2,0.85,1.47
YBL003C,1,HTA2,-1.21,0.32
YPR034W,1,ARP7,-0.37,0.01
YNL289W,1,PCL1,0.83,1.67
YNL327W,1,EGT2,-0.15,-0.92
YBL023C,1,MCM2,0.13,0.51
YAL040C,1,CLN3,-0.15,-0.58
YDL003W,1,MCD1,0.23,1.45
YPR075C,1,OPY2,0.1,0.09
YNR044W,1,AGA1,0.66,0.71
YBR083W,1,TEC1,-0.93,-0.6
YKL209C,2,STE6,-0.22,-0.06
YMR076C,2,PDS5,1.3,0.99
YDL003W,2,MCD1,1.45,0.84
YPR159W,2,KRE6,0.44,0.42
YPR075C,2,OPY2,0.09,-0.18
YDL227C,2,HO,1.71,0.42
YGL038C,2,OCH1,0.62,0.26
YKL113C,2,RAD27,1.44,1.14
YKL096W,2,CWP1,-1.63,-0.68
YGL201C,2,MCM6,-0.17,-0.69
YKL185W,2,ASH1,-1.21,-0.86
YBL023C,2,MCM2,0.51,-0.44
YGL032C,2,AGA2,0.49,0.35
YPL116W,2,HOS3,-0.09,0.29
YDR146C,2,SWI5,-0.65,-0.67
YGL116W,2,CDC20,-0.83,-0.86
YNL289W,2,PCL1,1.67,1.49
YMR078C,2,CTF18,0.99,0.69
YBR009C,2,HHF1,0.58,0.01
YFL026W,2,STE2,-0.22,0.0
YLR079W,2,SIC1,-0.29,-0.5
YPR119W,2,CLB2,-0.95,-0.7
YBR083W,2,TEC1,-0.6,-0.62
YHR152W,2,SPO12,-0.4,-0.28
YEL032W,2,MCM3,-0.13,-0.26
YDR507C,2,GIN4,0.93,0.46
YLR286C,2,CTS1,-0.37,-1.16
YER001W,2,MNN1,0.82,0.7
YLR353W,2,BUD8,-0.97,-0.31
YLR274W,2,CDC46,-0.04,-0.76
YNR044W,2,AGA1,0.71,0.45
YER070W,2,RNR1,1.6,0.75
YLR210W,2,CLB4,-0.24,0.42
YDR224C,2,HTB1,0.49,0.3
YDR461W,2,MFA1,0.15,0.15
YNL327W,2,EGT2,-0.92,-0.82
YLR182W,2,SWI6,0.01,0.28
YML064C,2,TEM1,-0.13,-0.29
YBR010W,2,HHT1,0.33,0.0
YER111C,2,SWI4,0.86,0.04
YLR131C,2,ACE2,-0.96,-0.42
YDR225W,2,HTA1,0.38,0.21
YBR133C,2,HSL7,-0.58,-0.27
YOR074C,2,CDC21,1.41,1.23
YMR043W,2,MCM1,0.3,0.11
YLR103C,2,CDC45,1.62,0.88
YGL021W,2,ALK1,-0.76,-0.65
YER095W,2,RAD51,0.68,0.45
YMR199W,2,CLN1,0.57,0.53
YLR300W,2,EXG1,0.22,0.22
YJL158C,2,CIS3,0.38,0.21
YHL028W,2,WSC4,-3.54,-1.54
YDL101C,2,DUN1,0.59,0.33
YPL256C,2,CLN2,1.47,0.54
YDL127W,2,PCL2,1.14,-0.11
YGR109C,2,CLB6,1.89,0.63
YOL012C,2,HTA3,-0.77,0.02
YPR034W,2,ARP7,0.01,0.23
YIL123W,2,SIM1,-0.12,0.49
YGR099W,2,TEL2,0.5,0.59
YNL192W,2,CHS1,-0.14,0.29
YJL157C,2,FAR1,-1.74,-1.69
YGR014W,2,MSB2,0.67,0.43
YPR120C,2,CLB5,1.32,0.43
YGR152C,2,RSR1,1.12,0.77
YNL145W,2,MFA2,0.04,-0.16
YGR143W,2,SKN1,-1.52,-0.83
YDL055C,2,PSA1,0.57,0.21
YIL131C,2,FKH1,-1.04,0.28
YNL068C,2,FKH2,-0.91,-0.03
YBL003C,2,HTA2,0.32,0.46
YBL002W,2,HTB2,0.37,0.82
YMR307W,2,GAS1,,
YAL040C,2,CLN3,-0.58,-0.58
YJR092W,2,BUD4,-1.05,-1.11
YPL127C,2,HHO1,0.86,0.88
YGR041W,2,BUD9,0.65,-0.14
YIL026C,2,IRR1,1.36,0.63
YNL172W,2,APC1,-0.49,-0.36
YDL179W,2,PCL9,-1.16,-0.66
YHR061C,2,GIC1,0.03,0.28
YJL194W,2,CDC6,-0.25,-0.71
YDL056W,2,MBP1,-0.33,0.08
YJL187C,2,SWE1,1.22,1.05
YIL050W,2,PCL7,-0.49,-0.12
YGR092W,2,DBF2,-0.64,-0.8
YPR034W,3,ARP7,0.23,0.23
YLR274W,3,CDC46,-0.76,-0.68
YPR120C,3,CLB5,0.43,-0.1
YIL050W,3,PCL7,-0.12,0.61
YBR010W,3,HHT1,0.0,0.31
YAL040C,3,CLN3,-0.58,0.18
YHL028W,3,WSC4,-1.54,-0.37
YEL032W,3,MCM3,-0.26,-0.4
YLR182W,3,SWI6,0.28,0.32
YLR286C,3,CTS1,-1.16,-1.01
YGR152C,3,RSR1,0.77,-0.15
YIL123W,3,SIM1,0.49,0.2
YER001W,3,MNN1,0.7,0.76
YIL026C,3,IRR1,0.63,0.3
YPR119W,3,CLB2,-0.7,0.14
YHR061C,3,GIC1,0.28,0.54
YLR210W,3,CLB4,0.42,0.42
YNR044W,3,AGA1,0.45,-0.2
YER070W,3,RNR1,0.75,0.04
YER095W,3,RAD51,0.45,0.04
YGR014W,3,MSB2,0.43,0.63
YFL026W,3,STE2,0.0,0.2
YLR131C,3,ACE2,-0.42,0.19
YKL185W,3,ASH1,-0.86,-0.54
YBL003C,3,HTA2,0.46,0.96
YPL116W,3,HOS3,0.29,0.65
YJL187C,3,SWE1,1.05,0.56
YGR092W,3,DBF2,-0.8,-0.32
YGL116W,3,CDC20,-0.86,-0.67
YGL038C,3,OCH1,0.26,-0.18
YKL113C,3,RAD27,1.14,0.47
YJL194W,3,CDC6,-0.71,-0.33
YGL201C,3,MCM6,-0.69,-0.96
YKL096W,3,CWP1,-0.68,0.12
YGR041W,3,BUD9,-0.14,-0.38
YPL127C,3,HHO1,0.88,0.9
YJR092W,3,BUD4,-1.11,0.66
YBR083W,3,TEC1,-0.62,-0.4
YER111C,3,SWI4,0.04,-0.35
YGR099W,3,TEL2,0.59,0.27
YPL256C,3,CLN2,0.54,0.03
YPR075C,3,OPY2,-0.18,0.37
YIL131C,3,FKH1,0.28,1.26
YGR143W,3,SKN1,-0.83,-1.05
YBL002W,3,HTB2,0.82,1.09
YOR074C,3,CDC21,1.23,0.28
YLR103C,3,CDC45,0.88,0.46
YJL158C,3,CIS3,0.21,0.12
YJL157C,3,FAR1,-1.69,-0.82
YLR079W,3,SIC1,-0.5,-0.27
YPR159W,3,KRE6,0.42,0.37
YBR009C,3,HHF1,0.01,0.34
YGR109C,3,CLB6,0.63,-0.87
YGL032C,3,AGA2,0.35,0.16
YKL209C,3,STE6,-0.06,-0.06
YGL021W,3,ALK1,-0.65,0.02
YBL023C,3,MCM2,-0.44,-0.88
YHR152W,3,SPO12,-0.28,-0.18
YLR300W,3,EXG1,0.22,0.26
YLR353W,3,BUD8,-0.31,0.13
YNL192W,3,CHS1,0.29,-0.03
YDL127W,3,PCL2,-0.11,-0.32
YMR307W,3,GAS1,,
YMR043W,3,MCM1,0.11,0.16
YDR461W,3,MFA1,0.15,0.17
YNL327W,3,EGT2,-0.82,-0.35
YMR199W,3,CLN1,0.53,0.14
YNL068C,3,FKH2,-0.03,0.16
YDL003W,3,MCD1,0.84,0.0
YML064C,3,TEM1,-0.29,-0.34
YMR078C,3,CTF18,0.69,0.02
YNL289W,3,PCL1,1.49,0.19
YDR146C,3,SWI5,-0.67,-0.4
YMR076C,3,PDS5,0.99,0.43
YDR224C,3,HTB1,0.3,0.35
YDR225W,3,HTA1,0.21,0.04
YBR133C,3,HSL7,-0.27,0.59
YDL227C,3,HO,0.42,-1.64
YDL101C,3,DUN1,0.33,0.01
YDL179W,3,PCL9,-0.66,-0.55
YNL145W,3,MFA2,-0.16,-0.12
YDR507C,3,GIN4,0.46,0.42
YOL012C,3,HTA3,0.02,0.64
YNL172W,3,APC1,-0.36,0.05
YDL055C,3,PSA1,0.21,-0.11
YDL056W,3,MBP1,0.08,0.32
YLR079W,4,SIC1,-0.27,-0.29
YDL227C,4,HO,-1.64,-0.71
YKL096W,4,CWP1,0.12,0.07
YGL201C,4,MCM6,-0.96,-0.41
YBR083W,4,TEC1,-0.4,-0.32
YMR078C,4,CTF18,0.02,-0.13
YKL113C,4,RAD27,0.47,-0.41
YPR120C,4,CLB5,-0.1,-0.2
YGL116W,4,CDC20,-0.67,0.0
YMR043W,4,MCM1,0.16,0.13
YIL026C,4,IRR1,0.3,0.32
YOL012C,4,HTA3,0.64,0.3
YPL116W,4,HOS3,0.65,0.7
YGL021W,4,ALK1,0.02,0.5
YNL289W,4,PCL1,0.19,-0.22
YDR146C,4,SWI5,-0.4,0.34
YHR152W,4,SPO12,-0.18,-0.01
YGL038C,4,OCH1,-0.18,-0.08
YMR076C,4,PDS5,0.43,0.05
YOR074C,4,CDC21,0.28,-0.35
YPR159W,4,KRE6,0.37,0.33
YKL209C,4,STE6,-0.06,-0.11
YGL032C,4,AGA2,0.16,0.29
YAL040C,4,CLN3,0.18,-0.67
YDR224C,4,HTB1,0.35,-0.21
YNL172W,4,APC1,0.05,0.15
YBR009C,4,HHF1,0.34,-0.28
YHR061C,4,GIC1,0.54,0.85
YKL185W,4,ASH1,-0.54,-0.51
YHL028W,4,WSC4,-0.37,1.48
YDL056W,4,MBP1,0.32,0.27
YDL101C,4,DUN1,0.01,0.02
YIL131C,4,FKH1,1.26,1.34
YGR143W,4,SKN1,-1.05,-0.27
YBL002W,4,HTB2,1.09,-0.37
YNL068C,4,FKH2,0.16,0.34
YNL145W,4,MFA2,-0.12,-0.21
YJL157C,4,FAR1,-0.82,-0.19
YGR152C,4,RSR1,-0.15,-0.34
YGR109C,4,CLB6,-0.87,-0.75
YIL123W,4,SIM1,0.2,0.31
YNL192W,4,CHS1,-0.03,0.01
YPL256C,4,CLN2,0.03,-0.15
YDL127W,4,PCL2,-0.32,-0.26
YJL158C,4,CIS3,0.12,-0.08
YGR099W,4,TEL2,0.27,0.42
YMR307W,4,GAS1,,
YIL050W,4,PCL7,0.61,0.77
YJL187C,4,SWE1,0.56,0.05
YGR092W,4,DBF2,-0.32,0.09
YBL003C,4,HTA2,0.96,-0.53
YPR034W,4,ARP7,0.23,0.38
YDL179W,4,PCL9,-0.55,0.12
YJL194W,4,CDC6,-0.33,0.05
YGR041W,4,BUD9,-0.38,-0.06
YPL127C,4,HHO1,0.9,0.66
YDL003W,4,MCD1,0.0,-0.4
YJR092W,4,BUD4,0.66,0.34
YGR014W,4,MSB2,0.63,0.47
YMR199W,4,CLN1,0.14,0.16
YDL055C,4,PSA1,-0.11,-0.34
YLR103C,4,CDC45,0.46,-0.15
YBL023C,4,MCM2,-0.88,-0.32
YEL032W,4,MCM3,-0.4,-0.47
YLR286C,4,CTS1,-1.01,-0.31
YER095W,4,RAD51,0.04,-0.28
YLR353W,4,BUD8,0.13,0.35
YDR507C,4,GIN4,0.42,0.14
YLR131C,4,ACE2,0.19,0.36
YPR075C,4,OPY2,0.37,-0.34
YER001W,4,MNN1,0.76,0.16
YDR225W,4,HTA1,0.04,-0.36
YLR300W,4,EXG1,0.26,-0.18
YNR044W,4,AGA1,-0.2,-0.04
YPR119W,4,CLB2,0.14,0.57
YER111C,4,SWI4,-0.35,-0.39
YNL327W,4,EGT2,-0.35,-0.11
YDR461W,4,MFA1,0.17,0.51
YBR010W,4,HHT1,0.31,-0.7
YLR182W,4,SWI6,0.32,0.29
YLR274W,4,CDC46,-0.68,-0.53
YML064C,4,TEM1,-0.34,-0.09
YER070W,4,RNR1,0.04,-0.47
YFL026W,4,STE2,0.2,0.28
YLR210W,4,CLB4,0.42,0.41
YBR133C,4,HSL7,0.59,0.31
YGL201C,5,MCM6,-0.41,0.38
YPR075C,5,OPY2,-0.34,-0.11
YLR353W,5,BUD8,0.35,0.56
YMR078C,5,CTF18,-0.13,-0.42
YAL040C,5,CLN3,-0.67,0.29
YER095W,5,RAD51,-0.28,-0.51
YNL068C,5,FKH2,0.34,0.46
YDL227C,5,HO,-0.71,-0.87
YBL023C,5,MCM2,-0.32,0.21
YBL002W,5,HTB2,-0.37,-0.22
YDR507C,5,GIN4,0.14,-0.57
YLR182W,5,SWI6,0.29,0.09
YKL096W,5,CWP1,0.07,0.12
YLR274W,5,CDC46,-0.53,-0.37
YGR109C,5,CLB6,-0.75,-0.49
YDL055C,5,PSA1,-0.34,0.3
YJL157C,5,FAR1,-0.19,-0.31
YGR014W,5,MSB2,0.47,0.04
YDR461W,5,MFA1,0.51,-0.06
YJL158C,5,CIS3,-0.08,-0.06
YER070W,5,RNR1,-0.47,-1.15
YGR092W,5,DBF2,0.09,0.62
YNL192W,5,CHS1,0.01,-0.17
YDL003W,5,MCD1,-0.4,-0.77
YLR210W,5,CLB4,0.41,0.68
YBL003C,5,HTA2,-0.53,0.09
YJL187C,5,SWE1,0.05,-0.48
YGR099W,5,TEL2,0.42,0.56
YNR044W,5,AGA1,-0.04,-0.53
YJL194W,5,CDC6,0.05,-0.15
YDL127W,5,PCL2,-0.26,-0.84
YGR041W,5,BUD9,-0.06,-0.55
YDL179W,5,PCL9,0.12,-1.07
YPL127C,5,HHO1,0.66,-0.09
YPR119W,5,CLB2,0.57,1.06
YEL032W,5,MCM3,-0.47,0.1
YIL026C,5,IRR1,0.32,-0.52
YIL050W,5,PCL7,0.77,0.34
YMR307W,5,GAS1,,
YJR092W,5,BUD4,0.34,0.28
YPL256C,5,CLN2,-0.15,-0.28
YBR010W,5,HHT1,-0.7,0.09
YKL113C,5,RAD27,-0.41,-0.83
YMR199W,5,CLN1,0.16,-0.34
YHR061C,5,GIC1,0.85,0.43
YGL021W,5,ALK1,0.5,0.89
YNL289W,5,PCL1,-0.22,-0.62
YLR131C,5,ACE2,0.36,0.63
YKL209C,5,STE6,-0.11,0.1
YBR083W,5,TEC1,-0.32,-0.63
YIL123W,5,SIM1,0.31,0.56
YDL056W,5,MBP1,0.27,0.27
YGL032C,5,AGA2,0.29,-0.28
YHR152W,5,SPO12,-0.01,0.43
YBR133C,5,HSL7,0.31,0.57
YDR225W,5,HTA1,-0.36,-0.04
YBR009C,5,HHF1,-0.28,0.35
YMR043W,5,MCM1,0.13,0.02
YDR224C,5,HTB1,-0.21,-0.24
YNL145W,5,MFA2,-0.21,-0.3
YLR079W,5,SIC1,-0.29,-0.56
YPR034W,5,ARP7,0.38,0.16
YNL172W,5,APC1,0.15,0.83
YGR152C,5,RSR1,-0.34,-0.4
YPR120C,5,CLB5,-0.2,-0.59
YOL012C,5,HTA3,0.3,0.34
YLR286C,5,CTS1,-0.31,-0.41
YOR074C,5,CDC21,-0.35,-1.16
YIL131C,5,FKH1,1.34,0.72
YGL116W,5,CDC20,0.0,1.07
YLR103C,5,CDC45,-0.15,-0.44
YHL028W,5,WSC4,1.48,2.45
YFL026W,5,STE2,0.28,-0.1
YPL116W,5,HOS3,0.7,0.17
YLR300W,5,EXG1,-0.18,-0.13
YML064C,5,TEM1,-0.09,0.62
YMR076C,5,PDS5,0.05,-0.34
YER001W,5,MNN1,0.16,-0.07
YPR159W,5,KRE6,0.33,0.22
YKL185W,5,ASH1,-0.51,-0.92
YGR143W,5,SKN1,-0.27,0.84
YGL038C,5,OCH1,-0.08,-0.3
YER111C,5,SWI4,-0.39,-0.51
YDL101C,5,DUN1,0.02,0.0
YNL327W,5,EGT2,-0.11,-0.76
YDR146C,5,SWI5,0.34,0.57
YNL145W,6,MFA2,-0.3,-0.45
YBR083W,6,TEC1,-0.63,-0.65
YMR307W,6,GAS1,,
YPR034W,6,ARP7,0.16,0.26
YJL158C,6,CIS3,-0.06,0.05
YGR152C,6,RSR1,-0.4,-0.8
YDL056W,6,MBP1,0.27,0.03
YDR461W,6,MFA1,-0.06,0.24
YLR300W,6,EXG1,-0.13,-0.69
YIL131C,6,FKH1,0.72,0.36
YDL127W,6,PCL2,-0.84,-1.11
YLR274W,6,CDC46,-0.37,0.19
YLR210W,6,CLB4,0.68,-0.02
YEL032W,6,MCM3,0.1,0.74
YHL028W,6,WSC4,2.45,2.77
YIL123W,6,SIM1,0.56,0.57
YPL256C,6,CLN2,-0.28,-0.5
YNL327W,6,EGT2,-0.76,-1.03
YGR143W,6,SKN1,0.84,1.02
YGR109C,6,CLB6,-0.49,-1.2
YDL101C,6,DUN1,0.0,-0.11
YBL002W,6,HTB2,-0.22,-0.35
YNL068C,6,FKH2,0.46,0.51
YER001W,6,MNN1,-0.07,-0.49
YGR099W,6,TEL2,0.56,0.08
YJL157C,6,FAR1,-0.31,0.72
YIL050W,6,PCL7,0.34,0.12
YHR061C,6,GIC1,0.43,-0.57
YNL192W,6,CHS1,-0.17,-0.34
YGL116W,6,CDC20,1.07,1.53
YPR119W,6,CLB2,1.06,1.24
YDL055C,6,PSA1,0.3,-0.55
YPR159W,6,KRE6,0.22,0.02
YPL116W,6,HOS3,0.17,-0.01
YDR225W,6,HTA1,-0.04,-0.58
YKL185W,6,ASH1,-0.92,-0.34
YLR286C,6,CTS1,-0.41,-0.95
YGL038C,6,OCH1,-0.3,-0.32
YDR146C,6,SWI5,0.57,0.47
YNL172W,6,APC1,0.83,0.99
YKL113C,6,RAD27,-0.83,-1.05
YMR076C,6,PDS5,-0.34,-0.72
YLR131C,6,ACE2,0.63,0.55
YNL289W,6,PCL1,-0.62,-1.49
YKL209C,6,STE6,0.1,-0.22
YHR152W,6,SPO12,0.43,0.64
YGL032C,6,AGA2,-0.28,-0.4
YBR133C,6,HSL7,0.57,0.4
YDR224C,6,HTB1,-0.24,-0.79
YPR120C,6,CLB5,-0.59,-0.32
YLR079W,6,SIC1,-0.56,-1.04
YGL021W,6,ALK1,0.89,0.8
YMR043W,6,MCM1,0.02,0.22
YBR009C,6,HHF1,0.35,-0.08
YER111C,6,SWI4,-0.51,-0.2
YOR074C,6,CDC21,-1.16,-1.38
YBL023C,6,MCM2,0.21,0.95
YMR078C,6,CTF18,-0.42,-0.76
YLR103C,6,CDC45,-0.44,-1.19
YGR092W,6,DBF2,0.62,0.83
YER070W,6,RNR1,-1.15,-1.6
YDL003W,6,MCD1,-0.77,-1.1
YJL187C,6,SWE1,-0.48,-0.74
YFL026W,6,STE2,-0.1,0.28
YBL003C,6,HTA2,0.09,-0.28
YPL127C,6,HHO1,-0.09,-0.46
YNR044W,6,AGA1,-0.53,-0.47
YGR041W,6,BUD9,-0.55,-0.87
YBR010W,6,HHT1,0.09,-0.5
YDL179W,6,PCL9,-1.07,-1.22
YDR507C,6,GIN4,-0.57,-0.74
YJL194W,6,CDC6,-0.15,-0.42
YMR199W,6,CLN1,-0.34,-0.66
YLR182W,6,SWI6,0.09,0.05
YJR092W,6,BUD4,0.28,1.21
YGR014W,6,MSB2,0.04,-0.26
YLR353W,6,BUD8,0.56,0.56
YOL012C,6,HTA3,0.34,0.08
YAL040C,6,CLN3,0.29,0.2
YER095W,6,RAD51,-0.51,-0.42
YKL096W,6,CWP1,0.12,0.34
YGL201C,6,MCM6,0.38,0.72
YDL227C,6,HO,-0.87,-1.24
YPR075C,6,OPY2,-0.11,-0.34
YIL026C,6,IRR1,-0.52,-0.99
YML064C,6,TEM1,0.62,0.06
YIL026C,7,IRR1,-0.99,-0.97
YPR034W,7,ARP7,0.26,-0.06
YLR286C,7,CTS1,-0.95,-1.41
YLR103C,7,CDC45,-1.19,-0.9
YJL187C,7,SWE1,-0.74,-0.88
YNL327W,7,EGT2,-1.03,-0.1
YMR078C,7,CTF18,-0.76,-0.57
YLR353W,7,BUD8,0.56,0.74
YNL289W,7,PCL1,-1.49,-1.81
YKL113C,7,RAD27,-1.05,-0.56
YLR131C,7,ACE2,0.55,0.72
YNR044W,7,AGA1,-0.47,0.17
YKL185W,7,ASH1,-0.34,0.78
YMR076C,7,PDS5,-0.72,-1.24
YOR074C,7,CDC21,-1.38,-1.16
YKL209C,7,STE6,-0.22,0.1
YMR043W,7,MCM1,0.22,-0.24
YPR075C,7,OPY2,-0.34,-0.21
YPR119W,7,CLB2,1.24,0.84
YLR079W,7,SIC1,-1.04,0.32
YML064C,7,TEM1,0.06,0.69
YKL096W,7,CWP1,0.34,0.19
YIL050W,7,PCL7,0.12,0.12
YPL116W,7,HOS3,-0.01,-0.28
YMR199W,7,CLN1,-0.66,-1.49
YNL145W,7,MFA2,-0.45,0.25
YLR274W,7,CDC46,0.19,0.81
YPL256C,7,CLN2,-0.5,-1.57
YIL123W,7,SIM1,0.57,0.1
YLR300W,7,EXG1,-0.69,-0.42
YNL068C,7,FKH2,0.51,0.5
YIL131C,7,FKH1,0.36,0.28
YJL157C,7,FAR1,0.72,0.76
YLR210W,7,CLB4,-0.02,0.34
YMR307W,7,GAS1,,
YPL127C,7,HHO1,-0.46,-1.09
YJL158C,7,CIS3,0.05,-0.55
YNL192W,7,CHS1,-0.34,0.15
YJL194W,7,CDC6,-0.42,0.68
YLR182W,7,SWI6,0.05,-0.32
YJR092W,7,BUD4,1.21,1.19
YNL172W,7,APC1,0.99,0.74
YHR152W,7,SPO12,0.64,0.29
YBR083W,7,TEC1,-0.65,0.07
YGR099W,7,TEL2,0.08,-0.32
YFL026W,7,STE2,0.28,-0.22
YDL056W,7,MBP1,0.03,-0.01
YDR225W,7,HTA1,-0.58,-0.78
YGR109C,7,CLB6,-1.2,-0.95
YER111C,7,SWI4,-0.2,0.0
YDL055C,7,PSA1,-0.55,-0.75
YBL002W,7,HTB2,-0.35,-0.91
YGR143W,7,SKN1,1.02,1.28
YER095W,7,RAD51,-0.42,-0.38
YPR159W,7,KRE6,0.02,-0.15
YDR461W,7,MFA1,0.24,0.45
YBR010W,7,HHT1,-0.5,-0.96
YGR152C,7,RSR1,-0.8,-0.39
YDL127W,7,PCL2,-1.11,-0.24
YDL101C,7,DUN1,-0.11,-0.28
YDL179W,7,PCL9,-1.22,0.82
YGL021W,7,ALK1,0.8,0.59
YGL201C,7,MCM6,0.72,0.64
YGL116W,7,CDC20,1.53,1.23
YDL003W,7,MCD1,-1.1,-1.47
YDR146C,7,SWI5,0.47,0.51
YGR014W,7,MSB2,-0.26,-0.63
YGL038C,7,OCH1,-0.32,-0.35
YOL012C,7,HTA3,0.08,-0.1
YDR224C,7,HTB1,-0.79,-0.85
YGR041W,7,BUD9,-0.87,-0.48
YGL032C,7,AGA2,-0.4,-0.44
YBL003C,7,HTA2,-0.28,-0.78
YBR009C,7,HHF1,-0.08,-0.46
YBR133C,7,HSL7,0.4,0.36
YGR092W,7,DBF2,0.83,0.85
YDL227C,7,HO,-1.24,-1.55
YER070W,7,RNR1,-1.6,-1.66
YBL023C,7,MCM2,0.95,1.07
YEL032W,7,MCM3,0.74,0.45
YDR507C,7,GIN4,-0.74,-0.55
YPR120C,7,CLB5,-0.32,-0.63
YAL040C,7,CLN3,0.2,0.02
YHR061C,7,GIC1,-0.57,-0.44
YER001W,7,MNN1,-0.49,-1.0
YHL028W,7,WSC4,2.77,1.81
YLR210W,8,CLB4,0.34,-1.08
YGL032C,8,AGA2,-0.44,-0.24
YNL145W,8,MFA2,0.25,0.41
YKL209C,8,STE6,0.1,0.0
YPL127C,8,HHO1,-1.09,-0.44
YOR074C,8,CDC21,-1.16,-0.51
YDR507C,8,GIN4,-0.55,0.32
YBR133C,8,HSL7,0.36,-0.39
YJL187C,8,SWE1,-0.88,0.28
YDL179W,8,PCL9,0.82,1.46
YGR092W,8,DBF2,0.85,0.39
YGL021W,8,ALK1,0.59,-0.13
YMR199W,8,CLN1,-1.49,0.35
YLR079W,8,SIC1,0.32,1.57
YNL289W,8,PCL1,-1.81,0.12
YIL050W,8,PCL7,0.12,-0.51
YBR009C,8,HHF1,-0.46,
YJL158C,8,CIS3,-0.55,0.78
YDL056W,8,MBP1,-0.01,-0.54
YPR119W,8,CLB2,0.84,0.01
YHR061C,8,GIC1,-0.44,-0.82
YGR041W,8,BUD9,-0.48,0.43
YJL194W,8,CDC6,0.68,0.88
YIL026C,8,IRR1,-0.97,0.1
YMR076C,8,PDS5,-1.24,0.72
YOL012C,8,HTA3,-0.1,0.07
YKL096W,8,CWP1,0.19,0.84
YPR075C,8,OPY2,-0.21,-0.32
YGL201C,8,MCM6,0.64,0.64
YGL116W,8,CDC20,1.23,0.17
YBR083W,8,TEC1,0.07,1.52
YNL192W,8,CHS1,0.15,0.64
YPL116W,8,HOS3,-0.28,0.07
YKL113C,8,RAD27,-0.56,0.66
YHR152W,8,SPO12,0.29,0.52
YBL003C,8,HTA2,-0.78,-0.09
YNL327W,8,EGT2,-0.1,1.63
YGL038C,8,OCH1,-0.35,0.38
YJR092W,8,BUD4,1.19,0.26
YDL227C,8,HO,-1.55,1.05
YLR286C,8,CTS1,-1.41,1.01
YGR014W,8,MSB2,-0.63,-0.5
YKL185W,8,ASH1,0.78,2.0
YMR078C,8,CTF18,-0.57,0.37
YMR043W,8,MCM1,-0.24,0.38
YDL003W,8,MCD1,-1.47,0.67
YEL032W,8,MCM3,0.45,0.59
YDR224C,8,HTB1,-0.85,0.23
YDR146C,8,SWI5,0.51,0.34
YGR099W,8,TEL2,-0.32,-0.98
YPR034W,8,ARP7,-0.06,-0.09
YFL026W,8,STE2,-0.22,-0.63
YAL040C,8,CLN3,0.02,1.32
YLR131C,8,ACE2,0.72,0.51
YDR461W,8,MFA1,0.45,-0.88
YGR152C,8,RSR1,-0.39,0.33
YNR044W,8,AGA1,0.17,0.16
YIL131C,8,FKH1,0.28,-0.6
YPL256C,8,CLN2,-1.57,-0.18
YBR010W,8,HHT1,-0.96,0.34
YPR120C,8,CLB5,-0.63,0.78
YIL123W,8,SIM1,0.1,-0.17
YGR143W,8,SKN1,1.28,0.24
YER095W,8,RAD51,-0.38,0.43
YER001W,8,MNN1,-1.0,-0.84
YLR353W,8,BUD8,0.74,0.28
YHL028W,8,WSC4,1.81,-1.8
YNL068C,8,FKH2,0.5,-0.31
YDL101C,8,DUN1,-0.28,-0.14
YER111C,8,SWI4,0.0,0.92
YNL172W,8,APC1,0.74,-0.41
YLR182W,8,SWI6,-0.32,-0.1
YDL055C,8,PSA1,-0.75,0.26
YDL127W,8,PCL2,-0.24,0.61
YMR307W,8,GAS1,,
YLR103C,8,CDC45,-0.9,0.6
YPR159W,8,KRE6,-0.15,0.13
YML064C,8,TEM1,0.69,0.31
YER070W,8,RNR1,-1.66,0.3
YJL157C,8,FAR1,0.76,1.75
YLR274W,8,CDC46,0.81,0.97
YBL023C,8,MCM2,1.07,0.47
YBL002W,8,HTB2,-0.91,-0.4
YGR109C,8,CLB6,-0.95,0.96
YDR225W,8,HTA1,-0.78,0.2
YLR300W,8,EXG1,-0.42,0.91
YER001W,9,MNN1,-0.84,0.17
YBL023C,9,MCM2,0.47,0.38
YMR076C,9,PDS5,0.72,0.92
YNL327W,9,EGT2,1.63,1.31
YDR461W,9,MFA1,-0.88,-0.53
YLR210W,9,CLB4,-1.08,-0.29
YLR300W,9,EXG1,0.91,0.53
YGL038C,9,OCH1,0.38,0.59
YDR146C,9,SWI5,0.34,0.12
YGL116W,9,CDC20,0.17,-0.08
YKL113C,9,RAD27,0.66,0.76
YBR010W,9,HHT1,0.34,0.24
YER070W,9,RNR1,0.3,0.92
YER095W,9,RAD51,0.43,0.56
YKL185W,9,ASH1,2.0,1.35
YBR083W,9,TEC1,1.52,1.07
YML064C,9,TEM1,0.31,-0.12
YBR009C,9,HHF1,,-2.72
YLR103C,9,CDC45,0.6,0.85
YLR274W,9,CDC46,0.97,0.56
YLR079W,9,SIC1,1.57,0.9
YDR225W,9,HTA1,0.2,0.33
YGL021W,9,ALK1,-0.13,-0.54
YER111C,9,SWI4,0.92,0.77
YPR159W,9,KRE6,0.13,0.05
YPR119W,9,CLB2,0.01,-0.35
YLR182W,9,SWI6,-0.1,0.12
YLR131C,9,ACE2,0.51,-0.31
YDR507C,9,GIN4,0.32,0.99
YKL209C,9,STE6,0.0,-0.3
YNR044W,9,AGA1,0.16,0.13
YEL032W,9,MCM3,0.59,0.04
YLR353W,9,BUD8,0.28,-0.51
YGL032C,9,AGA2,-0.24,-0.49
YFL026W,9,STE2,-0.63,0.0
YDR224C,9,HTB1,0.23,0.11
YBR133C,9,HSL7,-0.39,0.03
YOL012C,9,HTA3,0.07,0.06
YMR043W,9,MCM1,0.38,0.19
YOR074C,9,CDC21,-0.51,1.03
YNL289W,9,PCL1,0.12,1.05
YLR286C,9,CTS1,1.01,1.67
YBL002W,9,HTB2,-0.4,0.48
YIL131C,9,FKH1,-0.6,-0.9
YNL172W,9,APC1,-0.41,-0.18
YGR109C,9,CLB6,0.96,1.14
YJL157C,9,FAR1,1.75,1.43
YMR307W,9,GAS1,,
YDL127W,9,PCL2,0.61,1.23
YPL256C,9,CLN2,-0.18,0.52
YGR099W,9,TEL2,-0.98,-0.03
YMR199W,9,CLN1,0.35,1.05
YGR092W,9,DBF2,0.39,0.09
YPL127C,9,HHO1,-0.44,0.21
YJL187C,9,SWE1,0.28,0.86
YDL179W,9,PCL9,1.46,1.4
YGR041W,9,BUD9,0.43,1.01
YJL158C,9,CIS3,0.78,0.39
YBL003C,9,HTA2,-0.09,0.3
YGR143W,9,SKN1,0.24,0.15
YIL123W,9,SIM1,-0.17,0.1
YHR152W,9,SPO12,0.52,0.12
YNL145W,9,MFA2,0.41,0.25
YHR061C,9,GIC1,-0.82,0.12
YPR034W,9,ARP7,-0.09,-0.27
YIL026C,9,IRR1,0.1,0.67
YDL056W,9,MBP1,-0.54,-0.24
YDL101C,9,DUN1,-0.14,0.55
YHL028W,9,WSC4,-1.8,-0.26
YIL050W,9,PCL7,-0.51,-0.35
YDL055C,9,PSA1,0.26,0.43
YPR075C,9,OPY2,-0.32,0.2
YGR152C,9,RSR1,0.33,0.71
YPR120C,9,CLB5,0.78,0.91
YNL068C,9,FKH2,-0.31,-0.44
YAL040C,9,CLN3,1.32,0.27
YJL194W,9,CDC6,0.88,-0.06
YKL096W,9,CWP1,0.84,0.7
YDL227C,9,HO,1.05,2.16
YDL003W,9,MCD1,0.67,1.27
YMR078C,9,CTF18,0.37,0.66
YPL116W,9,HOS3,0.07,-0.45
YNL192W,9,CHS1,0.64,1.04
YGR014W,9,MSB2,-0.5,-0.1
YJR092W,9,BUD4,0.26,-0.62
YGL201C,9,MCM6,0.64,0.3
YIL050W,10,PCL7,-0.35,0.15
YKL113C,10,RAD27,0.76,1.02
YER070W,10,RNR1,0.92,0.95
YGR152C,10,RSR1,0.71,0.74
YDL227C,10,HO,2.16,1.75
YBL023C,10,MCM2,0.38,0.01
YNL068C,10,FKH2,-0.44,-0.07
YGL032C,10,AGA2,-0.49,-0.58
YDR146C,10,SWI5,0.12,-0.25
YIL123W,10,SIM1,0.1,0.05
YLR182W,10,SWI6,0.12,-0.12
YPL256C,10,CLN2,0.52,0.86
YDL101C,10,DUN1,0.55,0.25
YGR143W,10,SKN1,0.15,-0.27
YPR120C,10,CLB5,0.91,-0.13
YER095W,10,RAD51,0.56,0.58
YJL194W,10,CDC6,-0.06,0.17
YLR353W,10,BUD8,-0.51,-0.36
YBR010W,10,HHT1,0.24,
YPL116W,10,HOS3,-0.45,-0.3
YDR461W,10,MFA1,-0.53,-0.31
YLR210W,10,CLB4,-0.29,-0.06
YLR286C,10,CTS1,1.67,1.03
YHR152W,10,SPO12,0.12,-0.45
YPR159W,10,KRE6,0.05,0.05
YNL145W,10,MFA2,0.25,0.0
YNL192W,10,CHS1,1.04,-0.33
YPR034W,10,ARP7,-0.27,-0.2
YEL032W,10,MCM3,0.04,-0.3
YDR507C,10,GIN4,0.99,0.89
YHR061C,10,GIC1,0.12,0.36
YNL327W,10,EGT2,1.31,1.23
YDL055C,10,PSA1,0.43,
YKL096W,10,CWP1,0.7,0.75
YLR274W,10,CDC46,0.56,0.03
YIL026C,10,IRR1,0.67,0.63
YGL201C,10,MCM6,0.3,0.13
YDL056W,10,MBP1,-0.24,-0.15
YHL028W,10,WSC4,-0.26,-0.73
YER001W,10,MNN1,0.17,0.5
YAL040C,10,CLN3,0.27,
YLR300W,10,EXG1,0.53,
YBR083W,10,TEC1,1.07,0.37
YIL131C,10,FKH1,-0.9,-0.22
YGL116W,10,CDC20,-0.08,-0.58
YNR044W,10,AGA1,0.13,-0.29
YBR133C,10,HSL7,0.03,0.11
YGR099W,10,TEL2,-0.03,0.06
YKL209C,10,STE6,-0.3,-0.1
YDR224C,10,HTB1,0.11,
YFL026W,10,STE2,0.0,0.0
YDL127W,10,PCL2,1.23,0.54
YML064C,10,TEM1,-0.12,-0.43
YBR009C,10,HHF1,-2.72,0.43
YKL185W,10,ASH1,1.35,0.46
YLR131C,10,ACE2,-0.31,-0.58
YDL179W,10,PCL9,1.4,0.71
YJL158C,10,CIS3,0.39,
YPR119W,10,CLB2,-0.35,-0.64
YOL012C,10,HTA3,0.06,0.37
YJL187C,10,SWE1,0.86,0.81
YLR079W,10,SIC1,0.9,0.45
YMR199W,10,CLN1,1.05,0.62
YMR043W,10,MCM1,0.19,
YGR092W,10,DBF2,0.09,0.0
YMR078C,10,CTF18,0.66,0.76
YPL127C,10,HHO1,0.21,0.77
YGL021W,10,ALK1,-0.54,-0.38
YGR014W,10,MSB2,-0.1,0.23
YBL003C,10,HTA2,0.3,
YLR103C,10,CDC45,0.85,0.77
YGL038C,10,OCH1,0.59,0.45
YNL172W,10,APC1,-0.18,-0.34
YOR074C,10,CDC21,1.03,1.25
YPR075C,10,OPY2,0.2,0.82
YGR109C,10,CLB6,1.14,0.56
YGR041W,10,BUD9,1.01,0.92
YBL002W,10,HTB2,0.48,1.02
YDR225W,10,HTA1,0.33,
YER111C,10,SWI4,0.77,0.41
YDL003W,10,MCD1,1.27,0.96
YMR076C,10,PDS5,0.92,0.8
YNL289W,10,PCL1,1.05,0.83
YJL157C,10,FAR1,1.43,0.44
YMR307W,10,GAS1,,
YJR092W,10,BUD4,-0.62,-0.15
YDL179W,11,PCL9,0.71,0.68
YNL145W,11,MFA2,0.0,-0.3
YDR224C,11,HTB1,,-0.14
YDL003W,11,MCD1,0.96,
YNL192W,11,CHS1,-0.33,0.42
YDR507C,11,GIN4,0.89,0.12
YPR159W,11,KRE6,0.05,-0.04
YDL055C,11,PSA1,,-0.18
YNL289W,11,PCL1,0.83,0.27
YDR461W,11,MFA1,-0.31,-1.34
YDL056W,11,MBP1,-0.15,0.33
YLR353W,11,BUD8,-0.36,0.05
YMR043W,11,MCM1,,-0.53
YDR225W,11,HTA1,,-0.17
YNL172W,11,APC1,-0.34,0.22
YBR133C,11,HSL7,0.11,0.52
YDL101C,11,DUN1,0.25,0.18
YDR146C,11,SWI5,-0.25,0.08
YMR078C,11,CTF18,0.76,0.33
YMR307W,11,GAS1,,
YDL227C,11,HO,1.75,0.85
YML064C,11,TEM1,-0.43,-0.5
YDL127W,11,PCL2,0.54,0.02
YBR083W,11,TEC1,0.37,0.07
YLR300W,11,EXG1,,0.01
YPR075C,11,OPY2,0.82,0.07
YMR199W,11,CLN1,0.62,
YNL068C,11,FKH2,-0.07,0.11
YMR076C,11,PDS5,0.8,
YLR103C,11,CDC45,0.77,0.24
YGL201C,11,MCM6,0.13,-0.72
YGR143W,11,SKN1,-0.27,-0.75
YFL026W,11,STE2,0.0,0.0
YIL131C,11,FKH1,-0.22,0.32
YBR009C,11,HHF1,0.43,-0.18
YLR079W,11,SIC1,0.45,0.17
YGL021W,11,ALK1,-0.38,-0.03
YGR109C,11,CLB6,0.56,-0.06
YKL209C,11,STE6,-0.1,0.1
YGL032C,11,AGA2,-0.58,-0.06
YPR120C,11,CLB5,-0.13,-0.12
YOR074C,11,CDC21,1.25,1.06
YJL157C,11,FAR1,0.44,0.0
YBL002W,11,HTB2,1.02,
YKL185W,11,ASH1,0.46,0.23
YGL038C,11,OCH1,0.45,0.04
YGR099W,11,TEL2,0.06,0.32
YJL158C,11,CIS3,,-0.26
YGR014W,11,MSB2,0.23,0.48
YJL194W,11,CDC6,0.17,-0.15
YJR092W,11,BUD4,-0.15,0.33
YGR041W,11,BUD9,0.92,0.67
YPL116W,11,HOS3,-0.3,-0.14
YKL096W,11,CWP1,0.75,
YPL256C,11,CLN2,0.86,
YJL187C,11,SWE1,0.81,0.41
YGR092W,11,DBF2,0.0,-0.32
YOL012C,11,HTA3,0.37,0.25
YGL116W,11,CDC20,-0.58,-0.45
YKL113C,11,RAD27,1.02,0.5
YBL023C,11,MCM2,0.01,-0.13
YPR119W,11,CLB2,-0.64,-0.11
YPL127C,11,HHO1,0.77,0.43
YIL123W,11,SIM1,0.05,0.18
YBL003C,11,HTA2,,0.15
YNR044W,11,AGA1,-0.29,0.0
YPR034W,11,ARP7,-0.2,0.13
YER111C,11,SWI4,0.41,0.14
YIL026C,11,IRR1,0.63,0.29
YHR152W,11,SPO12,-0.45,
YLR210W,11,CLB4,-0.06,0.26
YER070W,11,RNR1,0.95,0.68
YER001W,11,MNN1,0.5,0.54
YHL028W,11,WSC4,-0.73,0.34
YLR274W,11,CDC46,0.03,-0.26
YIL050W,11,PCL7,0.15,0.22
YHR061C,11,GIC1,0.36,0.45
YER095W,11,RAD51,0.58,0.33
YLR182W,11,SWI6,-0.12,0.09
YBR010W,11,HHT1,,-0.38
YAL040C,11,CLN3,,-0.41
YLR286C,11,CTS1,1.03,
YNL327W,11,EGT2,1.23,
YGR152C,11,RSR1,0.74,0.07
YEL032W,11,MCM3,-0.3,-0.3
YLR131C,11,ACE2,-0.58,0.21
YMR199W,12,CLN1,,0.25
YPR075C,12,OPY2,0.07,0.19
YHR152W,12,SPO12,,-0.39
YPL127C,12,HHO1,0.43,
YJL187C,12,SWE1,0.41,-0.05
YOL012C,12,HTA3,0.25,0.68
YGR041W,12,BUD9,0.67,0.17
YNL145W,12,MFA2,-0.3,-0.16
YDL179W,12,PCL9,0.68,0.11
YDL055C,12,PSA1,-0.18,0.18
YPR034W,12,ARP7,0.13,-0.08
YGR092W,12,DBF2,-0.32,
YHR061C,12,GIC1,0.45,0.54
YBL002W,12,HTB2,,0.83
YJL158C,12,CIS3,-0.26,0.57
YIL123W,12,SIM1,0.18,0.05
YPL256C,12,CLN2,,-0.1
YGR143W,12,SKN1,-0.75,-0.47
YDL101C,12,DUN1,0.18,
YNL068C,12,FKH2,0.11,
YAL040C,12,CLN3,-0.41,-0.05
YIL131C,12,FKH1,0.32,0.49
YJL194W,12,CDC6,-0.15,0.07
YIL050W,12,PCL7,0.22,0.37
YNL172W,12,APC1,0.22,0.01
YMR307W,12,GAS1,,
YGR152C,12,RSR1,0.07,
YDL056W,12,MBP1,0.33,
YJL157C,12,FAR1,0.0,
YIL026C,12,IRR1,0.29,0.02
YGR099W,12,TEL2,0.32,0.32
YPR120C,12,CLB5,-0.12,-0.1
YDL127W,12,PCL2,0.02,
YHL028W,12,WSC4,0.34,0.71
YDL003W,12,MCD1,,0.05
YGR109C,12,CLB6,-0.06,-0.03
YDR507C,12,GIN4,0.12,
YBL003C,12,HTA2,0.15,0.43
YDR224C,12,HTB1,-0.14,0.68
YGL021W,12,ALK1,-0.03,0.68
YMR078C,12,CTF18,0.33,
YML064C,12,TEM1,-0.5,
YFL026W,12,STE2,0.0,-0.34
YLR103C,12,CDC45,0.24,
YBR009C,12,HHF1,-0.18,0.51
YNR044W,12,AGA1,0.0,
YER111C,12,SWI4,0.14,-0.45
YDR225W,12,HTA1,-0.17,0.7
YNL289W,12,PCL1,0.27,-0.06
YLR353W,12,BUD8,0.05,
YKL209C,12,STE6,0.1,-0.03
YLR131C,12,ACE2,0.21,
YPR159W,12,KRE6,-0.04,
YLR182W,12,SWI6,0.09,
YER070W,12,RNR1,0.68,0.2
YLR210W,12,CLB4,0.26,
YDR461W,12,MFA1,-1.34,-0.61
YBR083W,12,TEC1,0.07,
YBR010W,12,HHT1,-0.38,0.63
YLR300W,12,EXG1,0.01,0.49
YER001W,12,MNN1,0.54,
YLR274W,12,CDC46,-0.26,
YNL327W,12,EGT2,,-0.03
YEL032W,12,MCM3,-0.3,
YER095W,12,RAD51,0.33,
YGL032C,12,AGA2,-0.06,-0.06
YLR079W,12,SIC1,0.17,
YKL113C,12,RAD27,0.5,
YMR076C,12,PDS5,,0.06
YOR074C,12,CDC21,1.06,-0.38
YNL192W,12,CHS1,0.42,
YKL096W,12,CWP1,,1.04
YBL023C,12,MCM2,-0.13,-0.78
YLR286C,12,CTS1,,0.76
YGL201C,12,MCM6,-0.72,-0.17
YDR146C,12,SWI5,0.08,
YDL227C,12,HO,0.85,0.76
YGL116W,12,CDC20,-0.45,-0.38
YPL116W,12,HOS3,-0.14,0.27
YJR092W,12,BUD4,0.33,0.34
YBR133C,12,HSL7,0.52,0.26
YGR014W,12,MSB2,0.48,
YGL038C,12,OCH1,0.04,
YMR043W,12,MCM1,-0.53,0.1
YKL185W,12,ASH1,0.23,
YPR119W,12,CLB2,-0.11,0.18
YNL327W,13,EGT2,-0.03,-0.41
YPL116W,13,HOS3,0.27,
YBL003C,13,HTA2,0.43,0.85
YBR010W,13,HHT1,0.63,0.86
YOR074C,13,CDC21,-0.38,-0.65
YPL127C,13,HHO1,,0.27
YAL040C,13,CLN3,-0.05,0.17
YNL289W,13,PCL1,-0.06,
YPL256C,13,CLN2,-0.1,-0.39
YDL003W,13,MCD1,0.05,-0.32
YNL192W,13,CHS1,,-0.01
YNR044W,13,AGA1,,-0.35
YBR009C,13,HHF1,0.51,0.93
YBL002W,13,HTB2,0.83,0.58
YNL172W,13,APC1,0.01,0.08
YBR133C,13,HSL7,0.26,
YOL012C,13,HTA3,0.68,
YBL023C,13,MCM2,-0.78,-0.13
YBR083W,13,TEC1,,0.18
YDL055C,13,PSA1,0.18,0.74
YHR061C,13,GIC1,0.54,0.56
YKL113C,13,RAD27,,-0.57
YIL131C,13,FKH1,0.49,0.24
YML064C,13,TEM1,,-0.09
YLR079W,13,SIC1,,-0.12
YPR159W,13,KRE6,,-0.24
YDR225W,13,HTA1,0.7,0.77
YLR353W,13,BUD8,,0.52
YGR099W,13,TEL2,0.32,0.35
YJL157C,13,FAR1,,0.22
YJR092W,13,BUD4,0.34,
YDR461W,13,MFA1,-0.61,-0.12
YGL116W,13,CDC20,-0.38,0.44
YLR300W,13,EXG1,0.49,-0.19
YGR092W,13,DBF2,,-0.12
YDR507C,13,GIN4,,-0.26
YJL194W,13,CDC6,0.07,
YFL026W,13,STE2,-0.34,-0.8
YLR103C,13,CDC45,,-0.44
YJL158C,13,CIS3,0.57,0.01
YEL032W,13,MCM3,,-0.59
YLR274W,13,CDC46,,-0.41
YPR120C,13,CLB5,-0.1,
YGR041W,13,BUD9,0.17,-0.48
YER001W,13,MNN1,,0.04
YJL187C,13,SWE1,-0.05,
YLR210W,13,CLB4,,-0.06
YGR014W,13,MSB2,,-0.26
YER070W,13,RNR1,0.2,
YLR182W,13,SWI6,,0.35
YER111C,13,SWI4,-0.45,-1.23
YER095W,13,RAD51,,-0.11
YLR286C,13,CTS1,0.76,0.52
YDR224C,13,HTB1,0.68,0.53
YGR109C,13,CLB6,-0.03,
YMR043W,13,MCM1,0.1,-0.18
YNL145W,13,MFA2,-0.16,-0.4
YDL056W,13,MBP1,,0.27
YPR034W,13,ARP7,-0.08,
YHR152W,13,SPO12,-0.39,0.03
YNL068C,13,FKH2,,-0.02
YDL101C,13,DUN1,,-0.01
YGL038C,13,OCH1,,-0.66
YMR307W,13,GAS1,,
YDL127W,13,PCL2,,-0.66
YHL028W,13,WSC4,0.71,1.48
YIL026C,13,IRR1,0.02,
YKL185W,13,ASH1,,-0.51
YGL021W,13,ALK1,0.68,
YDL179W,13,PCL9,0.11,
YGR152C,13,RSR1,,-0.26
YMR199W,13,CLN1,0.25,-0.23
YMR078C,13,CTF18,,-0.43
YPR119W,13,CLB2,0.18,0.63
YIL123W,13,SIM1,0.05,
YGR143W,13,SKN1,-0.47,0.51
YKL209C,13,STE6,-0.03,0.08
YDR146C,13,SWI5,,0.8
YIL050W,13,PCL7,0.37,0.29
YMR076C,13,PDS5,0.06,-0.24
YLR131C,13,ACE2,,0.29
YGL032C,13,AGA2,-0.06,-0.44
YPR075C,13,OPY2,0.19,
YGL201C,13,MCM6,-0.17,-0.06
YKL096W,13,CWP1,1.04,0.94
YDL227C,13,HO,0.76,-0.2
YJR092W,14,BUD4,,0.71
YPL116W,14,HOS3,,0.49
YGL201C,14,MCM6,-0.06,0.19
YPR119W,14,CLB2,0.63,
YKL096W,14,CWP1,0.94,0.76
YBL003C,14,HTA2,0.85,0.3
YGL116W,14,CDC20,0.44,0.61
YNL145W,14,MFA2,-0.4,0.25
YGR014W,14,MSB2,-0.26,0.13
YHR152W,14,SPO12,0.03,0.21
YHL028W,14,WSC4,1.48,2.06
YIL026C,14,IRR1,,-1.17
YGR152C,14,RSR1,-0.26,-0.53
YIL050W,14,PCL7,0.29,0.17
YOL012C,14,HTA3,,0.73
YAL040C,14,CLN3,0.17,0.14
YPL256C,14,CLN2,-0.39,-0.05
YGR143W,14,SKN1,0.51,0.93
YJL194W,14,CDC6,,-0.23
YIL123W,14,SIM1,,0.03
YIL131C,14,FKH1,0.24,
YGR099W,14,TEL2,0.35,-0.26
YJL157C,14,FAR1,0.22,0.47
YBL002W,14,HTB2,0.58,0.51
YPL127C,14,HHO1,0.27,0.36
YJL158C,14,CIS3,0.01,0.16
YGR041W,14,BUD9,-0.48,-0.55
YJL187C,14,SWE1,,-0.78
YPR120C,14,CLB5,,-0.6
YGR109C,14,CLB6,,-0.85
YGR092W,14,DBF2,-0.12,0.45
YLR103C,14,CDC45,-0.44,-1.0
YGL038C,14,OCH1,-0.66,-0.28
YDR225W,14,HTA1,0.77,0.54
YBR083W,14,TEC1,0.18,0.72
YNL289W,14,PCL1,,-1.08
YLR353W,14,BUD8,0.52,0.58
YDR224C,14,HTB1,0.53,0.74
YML064C,14,TEM1,-0.09,0.51
YPR159W,14,KRE6,-0.24,-0.63
YMR043W,14,MCM1,-0.18,-0.17
YPR075C,14,OPY2,,0.76
YDR146C,14,SWI5,0.8,1.27
YBR133C,14,HSL7,,-0.12
YKL113C,14,RAD27,-0.57,-0.94
YNL192W,14,CHS1,-0.01,-0.95
YDL227C,14,HO,-0.2,-0.99
YMR078C,14,CTF18,-0.43,-0.57
YDL179W,14,PCL9,,0.19
YMR199W,14,CLN1,-0.23,-0.56
YDL003W,14,MCD1,-0.32,-0.86
YDL127W,14,PCL2,-0.66,-0.47
YNL172W,14,APC1,0.08,-0.34
YMR307W,14,GAS1,,
YDL101C,14,DUN1,-0.01,0.08
YNL068C,14,FKH2,-0.02,0.28
YDL056W,14,MBP1,0.27,0.23
YMR076C,14,PDS5,-0.24,-0.66
YDR461W,14,MFA1,-0.12,-0.45
YLR300W,14,EXG1,-0.19,0.33
YHR061C,14,GIC1,0.56,-0.1
YBL023C,14,MCM2,-0.13,
YOR074C,14,CDC21,-0.65,-0.24
YKL185W,14,ASH1,-0.51,0.16
YGL032C,14,AGA2,-0.44,-0.24
YKL209C,14,STE6,0.08,-0.08
YGL021W,14,ALK1,,0.88
YLR079W,14,SIC1,-0.12,-0.16
YFL026W,14,STE2,-0.8,0.1
YDL055C,14,PSA1,0.74,0.43
YBR009C,14,HHF1,0.93,0.69
YNR044W,14,AGA1,-0.35,-0.79
YLR286C,14,CTS1,0.52,-0.19
YER111C,14,SWI4,-1.23,
YPR034W,14,ARP7,,-0.06
YLR131C,14,ACE2,0.29,0.73
YER070W,14,RNR1,,-0.74
YLR182W,14,SWI6,0.35,0.1
YER001W,14,MNN1,0.04,-0.06
YLR210W,14,CLB4,-0.06,0.21
YBR010W,14,HHT1,0.86,0.78
YNL327W,14,EGT2,-0.41,0.62
YEL032W,14,MCM3,-0.59,0.14
YLR274W,14,CDC46,-0.41,0.09
YDR507C,14,GIN4,-0.26,-0.66
YER095W,14,RAD51,-0.11,-0.13
YPR159W,15,KRE6,-0.63,-0.11
YPR119W,15,CLB2,,
YPR120C,15,CLB5,-0.6,-0.47
YPR075C,15,OPY2,0.76,-0.18
YPR034W,15,ARP7,-0.06,0.0
YIL050W,15,PCL7,0.17,0.14
YPL127C,15,HHO1,0.36,-0.57
YEL032W,15,MCM3,0.14,0.2
YER001W,15,MNN1,-0.06,-0.4
YER070W,15,RNR1,-0.74,-0.7
YER095W,15,RAD51,-0.13,-0.57
YER111C,15,SWI4,,
YFL026W,15,STE2,0.1,-0.34
YGL021W,15,ALK1,0.88,0.41
YDR507C,15,GIN4,-0.66,-0.08
YGL032C,15,AGA2,-0.24,-0.32
YGL116W,15,CDC20,0.61,0.9
YGL201C,15,MCM6,0.19,0.33
YGR014W,15,MSB2,0.13,0.0
YGR041W,15,BUD9,-0.55,-0.01
YGR092W,15,DBF2,0.45,0.45
YGR099W,15,TEL2,-0.26,-0.79
YGR109C,15,CLB6,-0.85,-0.49
YGL038C,15,OCH1,-0.28,-0.05
YGR143W,15,SKN1,0.93,0.91
YDR461W,15,MFA1,-0.45,-0.12
YDR224C,15,HTB1,0.74,0.22
YAL040C,15,CLN3,0.14,-0.11
YBL002W,15,HTB2,0.51,-0.21
YBL003C,15,HTA2,0.3,-0.14
YBL023C,15,MCM2,,
YBR009C,15,HHF1,0.69,0.63
YBR010W,15,HHT1,0.78,0.02
YBR083W,15,TEC1,0.72,1.08
YDR225W,15,HTA1,0.54,0.48
YBR133C,15,HSL7,-0.12,0.01
YDL055C,15,PSA1,0.43,-0.18
YDL056W,15,MBP1,0.23,-0.08
YDL101C,15,DUN1,0.08,-0.49
YDL127W,15,PCL2,-0.47,-0.41
YDL179W,15,PCL9,0.19,0.82
YDL227C,15,HO,-0.99,-0.52
YDR146C,15,SWI5,1.27,0.63
YDL003W,15,MCD1,-0.86,-0.56
YGR152C,15,RSR1,-0.53,-0.72
YHL028W,15,WSC4,2.06,2.36
YHR061C,15,GIC1,-0.1,-1.44
YLR353W,15,BUD8,0.58,0.44
YML064C,15,TEM1,0.51,0.21
YMR043W,15,MCM1,-0.17,-0.24
YMR076C,15,PDS5,-0.66,-0.83
YMR078C,15,CTF18,-0.57,-0.7
YMR199W,15,CLN1,-0.56,-0.59
YMR307W,15,GAS1,,
YLR300W,15,EXG1,0.33,0.18
YNL068C,15,FKH2,0.28,-0.09
YNL172W,15,APC1,-0.34,0.12
YNL192W,15,CHS1,-0.95,0.64
YNL289W,15,PCL1,-1.08,-1.17
YNL327W,15,EGT2,0.62,0.39
YNR044W,15,AGA1,-0.79,0.31
YOR074C,15,CDC21,-0.24,-0.44
YPL116W,15,HOS3,0.49,-0.48
YNL145W,15,MFA2,0.25,0.28
YLR286C,15,CTS1,-0.19,-0.06
YLR274W,15,CDC46,0.09,0.45
YLR210W,15,CLB4,0.21,-0.16
YHR152W,15,SPO12,0.21,0.47
YIL026C,15,IRR1,-1.17,-0.76
YIL123W,15,SIM1,0.03,-0.26
YIL131C,15,FKH1,,
YJL157C,15,FAR1,0.47,1.16
YJL158C,15,CIS3,0.16,-0.03
YJL187C,15,SWE1,-0.78,-0.99
YJL194W,15,CDC6,-0.23,0.58
YJR092W,15,BUD4,0.71,0.4
YKL096W,15,CWP1,0.76,0.32
YKL113C,15,RAD27,-0.94,-0.71
YKL185W,15,ASH1,0.16,1.05
YKL209C,15,STE6,-0.08,0.1
YLR079W,15,SIC1,-0.16,0.67
YLR103C,15,CDC45,-1.0,-0.87
YLR131C,15,ACE2,0.73,0.3
YLR182W,15,SWI6,0.1,-0.01
YPL256C,15,CLN2,-0.05,-1.05
YOL012C,15,HTA3,0.73,-0.14
